<NewDataSet>
  <xs:schema id="NewDataSet" xmlns="" xmlns:xs="http://www.w3.org/2001/XMLSchema" xmlns:msdata="urn:schemas-microsoft-com:xml-msdata" xmlns:msprop="urn:schemas-microsoft-com:xml-msprop">
    <xs:element name="NewDataSet" msdata:IsDataSet="true" msdata:UseCurrentLocale="true" msdata:IsReadOnly="False">
      <xs:complexType>
        <xs:choice minOccurs="0" maxOccurs="unbounded">
          <xs:element name="CMS_WebTemplate" msprop:IsFromCMSDatabase="True">
            <xs:complexType>
              <xs:sequence>
                <xs:element name="WebTemplateID" type="xs:int" minOccurs="0" />
                <xs:element name="WebTemplateDisplayName" type="xs:string" minOccurs="0" />
                <xs:element name="WebTemplateFileName" type="xs:string" minOccurs="0" />
                <xs:element name="WebTemplateDescription" type="xs:string" minOccurs="0" />
                <xs:element name="WebTemplateGUID" msdata:DataType="System.Guid, mscorlib, Version=4.0.0.0, Culture=neutral, PublicKeyToken=b77a5c561934e089" type="xs:string" minOccurs="0" />
                <xs:element name="WebTemplateLastModified" type="xs:dateTime" minOccurs="0" />
                <xs:element name="WebTemplateName" type="xs:string" minOccurs="0" />
                <xs:element name="WebTemplateOrder" type="xs:int" minOccurs="0" />
                <xs:element name="WebTemplateLicenses" type="xs:string" minOccurs="0" />
                <xs:element name="WebTemplatePackages" type="xs:string" minOccurs="0" />
                <xs:element name="WebTemplateThumbnailGUID" msdata:DataType="System.Guid, mscorlib, Version=4.0.0.0, Culture=neutral, PublicKeyToken=b77a5c561934e089" type="xs:string" minOccurs="0" />
                <xs:element name="WebTemplateShortDescription" type="xs:string" minOccurs="0" />
              </xs:sequence>
            </xs:complexType>
          </xs:element>
        </xs:choice>
      </xs:complexType>
    </xs:element>
  </xs:schema>
  <CMS_WebTemplate>
    <WebTemplateID>102</WebTemplateID>
    <WebTemplateDisplayName>Dancing Goat</WebTemplateDisplayName>
    <WebTemplateFileName>~\App_Data\Templates\DancingGoat</WebTemplateFileName>
    <WebTemplateDescription>A coffee seller's website which showcases Kentico's Integrated Marketing Solution.</WebTemplateDescription>
    <WebTemplateGUID>96cc6b9d-4b14-40ab-9c70-e175d5ca6091</WebTemplateGUID>
    <WebTemplateLastModified>2014-12-12T10:51:55.9750594+01:00</WebTemplateLastModified>
    <WebTemplateName>DancingGoat</WebTemplateName>
    <WebTemplateOrder>1</WebTemplateOrder>
    <WebTemplateLicenses>X</WebTemplateLicenses>
    <WebTemplateThumbnailGUID>a54d5658-8a35-4c5d-a334-7554a79fadca</WebTemplateThumbnailGUID>
    <WebTemplateShortDescription>A coffee seller's website which showcases Kentico's Integrated Marketing Solution.</WebTemplateShortDescription>
  </CMS_WebTemplate>
  <CMS_WebTemplate>
    <WebTemplateID>75</WebTemplateID>
    <WebTemplateDisplayName>Corporate Site</WebTemplateDisplayName>
    <WebTemplateFileName>~\App_Data\Templates\CorporateSite</WebTemplateFileName>
    <WebTemplateDescription>The Corporate Site is best suited for evaluation purposes as it displays the general capabilities of Kentico. Replace its sample data with your own and have your company presentation ready without any development. You can also customize this template to match your specific needs.</WebTemplateDescription>
    <WebTemplateGUID>48f74a3f-3447-409e-aeec-9aa402a764bc</WebTemplateGUID>
    <WebTemplateLastModified>2014-06-11T08:35:05.2860315+02:00</WebTemplateLastModified>
    <WebTemplateName>CorporateSite</WebTemplateName>
    <WebTemplateOrder>2</WebTemplateOrder>
    <WebTemplateLicenses>X</WebTemplateLicenses>
    <WebTemplateThumbnailGUID>d2625d7e-8951-4c40-b063-4c5d5edd9e64</WebTemplateThumbnailGUID>
    <WebTemplateShortDescription>This website displays the general capabilities of Kentico.</WebTemplateShortDescription>
  </CMS_WebTemplate>
  <CMS_WebTemplate>
    <WebTemplateID>79</WebTemplateID>
    <WebTemplateDisplayName>E-commerce Site</WebTemplateDisplayName>
    <WebTemplateFileName>~\App_Data\Templates\EcommerceSite</WebTemplateFileName>
    <WebTemplateDescription>The E-commerce Site represents a ready-to-use web template for an on-line stores and displays the capabilities of Kentico EMS. Replace its sample data with your own to start your on-line business without any development. You can also customize this template to match your specific needs.</WebTemplateDescription>
    <WebTemplateGUID>23cdbe82-802b-4c38-82cd-95f510e2876d</WebTemplateGUID>
    <WebTemplateLastModified>2014-06-11T08:35:41.6984654+02:00</WebTemplateLastModified>
    <WebTemplateName>ECommerceSite</WebTemplateName>
    <WebTemplateOrder>3</WebTemplateOrder>
    <WebTemplateLicenses>B;N;E;U;X;V</WebTemplateLicenses>
    <WebTemplatePackages>ECM</WebTemplatePackages>
    <WebTemplateThumbnailGUID>a2b40114-91c4-4877-b46e-40235c8800d6</WebTemplateThumbnailGUID>
    <WebTemplateShortDescription>The e-commerce site represents a ready-to-use template for on-line stores.</WebTemplateShortDescription>
  </CMS_WebTemplate>
  <CMS_WebTemplate>
    <WebTemplateID>80</WebTemplateID>
    <WebTemplateDisplayName>Personal Site</WebTemplateDisplayName>
    <WebTemplateFileName>~\App_Data\Templates\PersonalSite</WebTemplateFileName>
    <WebTemplateDescription>The Personal Site is perfect for your own personal presentation. It focuses on the usage of blogs, forums, photo galleries and similar features. You can also customize the content of the site to fit your needs.</WebTemplateDescription>
    <WebTemplateGUID>f2022396-1508-42c3-8d0f-9a41d7c7be57</WebTemplateGUID>
    <WebTemplateLastModified>2014-03-25T15:00:53.512995+01:00</WebTemplateLastModified>
    <WebTemplateName>PersonalSite</WebTemplateName>
    <WebTemplateOrder>4</WebTemplateOrder>
    <WebTemplateLicenses>F;S;B;N;C;P;R;E;U;X;V</WebTemplateLicenses>
    <WebTemplatePackages>ECM;SCN;ADV;DOC;ADV7</WebTemplatePackages>
    <WebTemplateThumbnailGUID>9ef55a42-2959-4946-952d-8d964cc62be9</WebTemplateThumbnailGUID>
    <WebTemplateShortDescription>Focuses on the usage of blogs, forums, photo galleries and similar features.</WebTemplateShortDescription>
  </CMS_WebTemplate>
  <CMS_WebTemplate>
    <WebTemplateID>81</WebTemplateID>
    <WebTemplateDisplayName>Community Site</WebTemplateDisplayName>
    <WebTemplateFileName>~\App_Data\Templates\CommunitySite</WebTemplateFileName>
    <WebTemplateDescription>The Community Site demonstrates the capabilities of social media features, news, chat, groups and others. You can customize the content of the site and build your own on-line community without any development.</WebTemplateDescription>
    <WebTemplateGUID>872ccfbc-3b4a-4c91-b99d-a5b15bcea3c3</WebTemplateGUID>
    <WebTemplateLastModified>2014-03-26T10:11:01.732171+01:00</WebTemplateLastModified>
    <WebTemplateName>CommunitySite</WebTemplateName>
    <WebTemplateOrder>5</WebTemplateOrder>
    <WebTemplateLicenses>B;N;E;U;X;V</WebTemplateLicenses>
    <WebTemplatePackages>SCN</WebTemplatePackages>
    <WebTemplateThumbnailGUID>8ac077cc-1eac-403f-9abe-c9c96c0af32f</WebTemplateThumbnailGUID>
    <WebTemplateShortDescription>Demonstrates the capabilities of social media options.</WebTemplateShortDescription>
  </CMS_WebTemplate>
  <CMS_WebTemplate>
    <WebTemplateID>86</WebTemplateID>
    <WebTemplateDisplayName>Intranet Portal</WebTemplateDisplayName>
    <WebTemplateFileName>~\App_Data\Templates\IntranetPortal</WebTemplateFileName>
    <WebTemplateDescription>The Intranet Portal provides a ready-to-use intranet solution. It includes many useful features, such as dedicated department and workgroup sections and document and project management. You may use it as a base for your own company intranet by replacing the sample data with your own.</WebTemplateDescription>
    <WebTemplateGUID>7cab38db-8c2d-4bd6-95b9-d451ac08fbab</WebTemplateGUID>
    <WebTemplateLastModified>2014-06-11T08:37:04.5213836+02:00</WebTemplateLastModified>
    <WebTemplateName>IntranetPortal</WebTemplateName>
    <WebTemplateOrder>6</WebTemplateOrder>
    <WebTemplateLicenses>B;U;X;V</WebTemplateLicenses>
    <WebTemplatePackages>SCN;DOC</WebTemplatePackages>
    <WebTemplateThumbnailGUID>d7d4e0eb-44b8-4c3a-b148-4bf637ad6f3a</WebTemplateThumbnailGUID>
    <WebTemplateShortDescription>Utilizes project management functionality and department sections.
</WebTemplateShortDescription>
  </CMS_WebTemplate>
  <CMS_WebTemplate>
    <WebTemplateID>21</WebTemplateID>
    <WebTemplateDisplayName>Blank Site</WebTemplateDisplayName>
    <WebTemplateFileName>~\App_Data\Templates\BlankSite</WebTemplateFileName>
    <WebTemplateDescription>The Blank Site provides a template for creating new websites from scratch, based on the portal engine. Intended for developers.</WebTemplateDescription>
    <WebTemplateGUID>1925540f-4765-4159-8f1a-cd8c28f35ad9</WebTemplateGUID>
    <WebTemplateLastModified>2014-06-11T08:34:15.0635833+02:00</WebTemplateLastModified>
    <WebTemplateName>BlankSite</WebTemplateName>
    <WebTemplateOrder>7</WebTemplateOrder>
    <WebTemplateLicenses>F;S;B;N;C;P;R;E;U;X;V</WebTemplateLicenses>
    <WebTemplatePackages>ECM;SCN;ADV;DOC;ADV7</WebTemplatePackages>
    <WebTemplateThumbnailGUID>a928c1d2-1bcd-459c-abcb-9f5a08978017</WebTemplateThumbnailGUID>
    <WebTemplateShortDescription>Provides a template for creating new websites from scratch, based on the portal engine.</WebTemplateShortDescription>
  </CMS_WebTemplate>
  <CMS_WebTemplate>
    <WebTemplateID>77</WebTemplateID>
    <WebTemplateDisplayName>Blank Site ASPX</WebTemplateDisplayName>
    <WebTemplateFileName>~\App_Data\Templates\BlankSiteASPX</WebTemplateFileName>
    <WebTemplateDescription>The Blank Site ASPX provides a template for creating new websites from scratch, based on ASPX page templates. Intended for developers with a high level of .NET knowledge.</WebTemplateDescription>
    <WebTemplateGUID>762b1a36-8d31-4df4-beb8-cfe242703620</WebTemplateGUID>
    <WebTemplateLastModified>2014-06-11T09:47:59.6488773+02:00</WebTemplateLastModified>
    <WebTemplateName>BlankSiteASPX</WebTemplateName>
    <WebTemplateOrder>8</WebTemplateOrder>
    <WebTemplateLicenses>F;S;B;N;C;P;R;E;U;X;V</WebTemplateLicenses>
    <WebTemplatePackages>ECM;SCN;ADV;DOC;ADV7</WebTemplatePackages>
    <WebTemplateThumbnailGUID>e9672fde-067a-48d6-ae11-26e9149fe833</WebTemplateThumbnailGUID>
    <WebTemplateShortDescription>Provides a template for creating new websites from scratch, based on ASPX page templates.</WebTemplateShortDescription>
  </CMS_WebTemplate>
</NewDataSet>